VehicleId,DepotId,InitialLoad,RouteSequence,ClientsServed,DemandsSatisfied,TotalDistance,TotalTime,FuelCost
VEH1,CD1,347,CD1-C3-C6-C18-C5-C8-C11-C9-C17-C24-C16-C10-C1-C15-C4-C22-C13-C2-C19-C7-C21-C12-C20-CD1,22,12-17-12-20-20-17-20-25-11-10-15-13-17-15-18-21-15-11-17-14-12-15,374.34999999999997,0,1135066.6349999998
VEH2,CD1,30,CD1-C23-C14-CD1,2,15-15,52.81,0,160125.201
VEH3,CD1,0,0,0,0,0.0,0,0.0
VEH4,CD1,0,0,0,0,0.0,0,0.0
VEH5,CD1,0,0,0,0,0.0,0,0.0
VEH6,CD1,0,0,0,0,0.0,0,0.0
VEH7,CD1,0,0,0,0,0.0,0,0.0
VEH8,CD1,0,0,0,0,0.0,0,0.0
